,iteration,rgap,alpha,warnings
0,1,inf,1.0,
1,2,0.02406672532105233,0.5029598434175003,
2,3,5.963254559572337e-12,0.0,
