,iteration,rgap,alpha,warnings
0,1,inf,1.0,
1,2,8.141199447296438e-07,0.4970767544416337,
