,iteration,rgap,alpha,warnings
0,1,inf,1.0,
1,2,0.00046834793022932194,0.5016125824254802,
2,3,1.0075995829066977e-13,0.0,
